Class Name,Accuracy,Max F1,AUC ROC,Precision,Recall
pneumothorax,0.8713854121709107,0.7795100222717148,0.9204018547140648,0.75,0.8114374034003091
Average,0.8713854121709107,0.7795100222717148,0.9204018547140648,0.75,0.8114374034003091
