Class Name,Accuracy,Max F1,AUC ROC,Precision,Recall
pneumonia,0.8081319093123478,0.6237587348289814,0.863606256560271,0.5649566955363091,0.6962233169129721
Average,0.8081319093123478,0.6237587348289814,0.863606256560271,0.5649566955363091,0.6962233169129721
