Class Name,Accuracy,Max F1,AUC ROC,Precision,Recall
covid19,0.7807342539575615,0.8173130972456437,0.8386361957803231,0.7373225152129818,0.9167717528373266
Average,0.7807342539575615,0.8173130972456437,0.8386361957803231,0.7373225152129818,0.9167717528373266
