Class Name,Accuracy,Max F1,AUC ROC,Precision,Recall
cardiomegaly,0.822,0.7142857142857141,0.8815916810565665,0.7006369426751592,0.7284768211920529
edema,0.876,0.6390532544378699,0.9105602138777494,0.5934065934065934,0.6923076923076923
consolidation,0.944,0.4255319148936171,0.8967713595431585,0.5555555555555556,0.3448275862068966
atelectasis,0.782,0.7216494845360825,0.8704488519711439,0.5957446808510638,0.9150326797385621
effusion,0.898,0.7727272727272727,0.9470911033411034,0.7327586206896551,0.8173076923076923
Average,0.8644000000000001,0.6546495281761112,0.9012926419579443,0.6356204786356054,0.6995904943505792
