Class Name,Accuracy,Max F1,AUC ROC,Precision,Recall
covid19,0.7787133715055574,0.8167597765363128,0.8337778409966454,0.7331995987963892,0.9218158890290038
Average,0.7787133715055574,0.8167597765363128,0.8337778409966454,0.7331995987963892,0.9218158890290038
