Class Name,Accuracy,Max F1,AUC ROC,Precision,Recall
cardiomegaly,0.818,0.7513812154696132,0.9042486574697812,0.6445497630331753,0.9006622516556292
edema,0.886,0.6666666666666666,0.9210110584518167,0.6222222222222222,0.717948717948718
consolidation,0.932,0.4,0.8639724723625449,0.4230769230769231,0.3793103448275862
atelectasis,0.796,0.7247956403269755,0.8752330903542973,0.6214953271028038,0.869281045751634
effusion,0.902,0.7798165137614679,0.9506847319347319,0.7456140350877193,0.8173076923076923
Average,0.8668000000000001,0.6645320072449447,0.9030300021146346,0.6113916541045687,0.736902010498252
