Class Name,Accuracy,Max F1,AUC ROC,Precision,Recall
pneumonia,0.8242458309911935,0.6341272940257712,0.8691175819852014,0.6046165301563663,0.6666666666666666
Average,0.8242458309911935,0.6341272940257712,0.8691175819852014,0.6046165301563663,0.6666666666666666
