Class Name,Accuracy,Max F1,AUC ROC,Precision,Recall
covid19,0.7507578309195015,0.8021419009370816,0.787372152757452,0.6970684039087948,0.9445145018915511
Average,0.7507578309195015,0.8021419009370816,0.787372152757452,0.6970684039087948,0.9445145018915511
