Class Name,Accuracy,Max F1,AUC ROC,Precision,Recall
pneumonia,0.8128161888701517,0.6259370314842578,0.8631166156594993,0.5758620689655173,0.6855500821018062
Average,0.8128161888701517,0.6259370314842578,0.8631166156594993,0.5758620689655173,0.6855500821018062
