Class Name,Accuracy,Max F1,AUC ROC,Precision,Recall
covid19,0.7558100370495117,0.8056897477187331,0.8026919384090182,0.7014018691588785,0.9464060529634301
Average,0.7558100370495117,0.8056897477187331,0.8026919384090182,0.7014018691588785,0.9464060529634301
