Dataset,Accuracy,Max F1,AUC ROC,Precision,Recall
padchest_text_rare,0.8455925076076145,0.05373881419284428,0.7005860860876253,0.02675040918113381,nan
padchest_feature_rare,0.8293333858562383,0.05209718328333128,0.6719182982329052,0.030281339969819056,nan
