Class Name,Accuracy,Max F1,AUC ROC,Precision,Recall
covid19,0.7766924890535534,0.8173289183222959,0.8404434043724966,0.7266928361138371,0.9337957124842371
Average,0.7766924890535534,0.8173289183222959,0.8404434043724966,0.7266928361138371,0.9337957124842371
