Class Name,Accuracy,Max F1,AUC ROC,Precision,Recall
pneumothorax,0.8869227449287872,0.7952941176470589,0.9287952688132236,0.8073248407643312,0.7836166924265843
Average,0.8869227449287872,0.7952941176470589,0.9287952688132236,0.8073248407643312,0.7836166924265843
