Dataset,Accuracy,Max F1,AUC ROC,Precision,Recall
padchest_feature_seen,0.9256268632148802,0.2847841559446861,0.7879288387898779,0.25840316861057516,0.4008569226665974
